"S.No","Business","What They Do","Location (NCR)","Phone","Website","Why A Fit","Source","Status","Last Contacted","Notes"
"1","Property Station","Luxury residential brokerage (0% brokerage)","Sector 65, Gurgaon","9999 416 316","https://www.propertystation.in/","Qualify buyers + book site visits 24/7","propertystation.in (homepage)","","",""
"2","MoneyTree Realty","RERA real-estate advisory / channel partner","Sector 126, Noida","+91 97323 00007","https://moneytreerealty.com/","High project-enquiry volume across developers","moneytreerealty.com/best-property-dealers-in-noida","","",""
"3","Mega Realty Max","Real-estate channel partner","Sector 127, Noida","+91-9899212121 / +91-9311380958","https://megarealtymax.com/","First-touch qualification + site-visit booking","megarealtymax.com/noida","","",""
"4","Northbrick Consultancy","Residential/commercial broker","Sector 96, Noida","+91-9990800500","https://northbrick.in/","Prevents missed leads + after-hours follow-ups","northbrick.in (homepage)","","",""
"5","PropTiger","Proptech advisory / transaction platform","Sector 32, Gurgaon","1800-103-1041","https://www.proptiger.com/","Massive inbound buyer-lead + support volume","indiacustomercare.com (aggregator - verify)","","",""
"6","Realtime Realtors","Resi/commercial brokerage, 30+ developers","Sector 74A (SPR), Gurgaon","9560111997","https://www.realtimerealtors.in/","RERA firm, high inbound buyer volume","realtimerealtors.in/contact","","",""
"7","Vasu Malhotra & Associates","Resi/commercial sale, purchase, leasing","Sector 83, Gurgaon","+91 9540066656","https://www.vasumalhotraassociates.com/","Mid-market dealer, multi-line sales team","vasumalhotraassociates.com","","",""
"8","YHATAW","Residential property consultancy/dealer","Sector 28, Gurgaon","1800-890-9109","https://www.yhataw.com/","24/7 agents, structured inbound desk","yhataw.com","","",""
"9","Manchanda Realtors","Luxury resi, floors, plots brokerage","Sector 14, Gurgaon","+91-9871727717","https://manchandarealtors.com/","20-yr SMB, multi-corridor sales","manchandarealtors.com","","",""
"10","Dwarka Expressway Homes","Resi/commercial sales, resale, rentals","Sector 106, Gurgaon","+91-9999997190","https://www.dwarkaexpresswayhomes.com/","15-yr firm, heavy enquiry funnel","dwarkaexpresswayhomes.com/aboutus","","",""
"11","Oak N Stone Inc","Luxury resi + commercial sales, NRI","Sector 67, Gurgaon","+91-90901-12214","https://oaknstoneinc.com/","200+ agent team, high call load","oaknstoneinc.com","","",""
"12","Wealthway Luxury Realty","Luxury residential advisory (DLF, M3M)","Sector 49, Gurgaon","+91-96438-10087","https://wealthwayluxury.com/","HNI/NRI inbound enquiries, booking-heavy","wealthwayluxury.com/contact-wealthway-luxury-realty","","",""
"13","Prithvi Estates","Commercial office leasing (since 1995)","Gurgaon","+91-9810025287","https://www.prithviestates.com/","Tenant enquiry + site-visit volume","prithviestates.com","","",""
"14","Wadi Group","Residential + commercial advisory","Sector 56, Golf Course Rd, Gurgaon","+91-98107-03868","https://www.wadigroup.in/","Mixed inbound, meeting-booking fit","wadigroup.in","","",""
"15","Ayana Housing","Commercial + residential leasing","Sector 65, Gurgaon","+91-95607-10008","https://www.leasing.net.in/","Rental enquiry funnel, qualification-heavy","leasing.net.in/about-us","","",""
"16","Property Mart","Resi/commercial brokerage, 20+ yrs","Sector 29, Noida","+91-7669241525 / +91-9717379252","https://thepropmart.com","Active sales team, site-visit heavy","thepropmart.com/contact.html","","",""
"17","Propshop","Resi/commercial property consultancy","Sector 63, Noida","+91-9643353535 / +91-8010834834","https://propshop.org.in","SMB consultancy, inbound buyer calls","propshop.org.in/contact-us.php","","",""
"18","Wealth Clinic","RERA resi/commercial advisory","Sector 132, Noida","+91-9089222000","https://wealth-clinic.com","Mid-market, 400+ staff, high enquiry flow","justdial.com (Wealth Clinic Sec 132)","","","Number via 3rd-party listing - verify on call"
"19","White Knights Realty","Resi/commercial advisory, 13+ yrs","Sector 136, Noida","+91-9167656565","https://whiteknights.co.in","Mid-size firm, buyer advisory volume","plumint.com (White Knights listing)","","","Number via 3rd-party listing - verify on call"
"20","Noida Realty","Resi/commercial broker, site visits","Sector 2, Noida Extension","+91-7289000808","https://www.noidarealty.in","Growing SMB, guided site-visit model","noidarealty.in","","",""
"21","Investors Clinic","Large resi/commercial brokerage","Sector 94, Noida","+91-8010101010 / +91-9711556661","https://investorsclinic.in","Huge inbound call volume to qualify","investorsclinic.in/contact-us","","","Large/enterprise - longer sales cycle"
"22","Golden Dream Property","Resi/commercial channel partner","Alpha-I, Greater Noida","8800121980","https://goldendreamproperty.com","Channel partner, site-visit driven","goldendreamproperty.com","","",""
"23","Shiva Associates","Residential + industrial brokerage","Alpha I, Greater Noida","+91 9999090047","https://www.shivaassociates.com","Mid-market firm, high inbound enquiry","shivaassociates.com","","",""
"24","Greno Estates","Resi/industrial dealer + construction","Alpha 1, Greater Noida + Yamuna Expy","+91 9911909042","https://www.grenoestates.com","Two offices, growing SMB, multi-line ops","grenoestates.com","","",""
"25","SKD PropWorld","YEIDA/Greater Noida plots + commercial","Alpha 1, Greater Noida (YEIDA)","+91 9091010909","https://skdpropworld.com","Active YEIDA dealer, heavy plot enquiries","skdpropworld.com/contact.php","","",""
"26","GaurYXP (SharpAssets)","Official Gaursons channel partner","Yamuna Expy (Sector 22D, Jewar)","+91 9315113191","https://gauryxp.com","Single-developer CP, high Jewar-airport demand","gauryxp.com","","",""
"27","Yadav Properties","Residential/commercial brokerage","Satya Niketan, South Delhi","+91 9810257909","https://yadavproperties.in","Active buyer/rent enquiries, SMB team","yadavproperties.in","","",""
"28","Arvind Real Estate","Builder floors, flats, plots dealer","Sector 8, Dwarka, Delhi","+91 9716971670","https://www.arvindestates.com","Leading Dwarka realtor, high inbound","arvindestates.com","","",""
"29","Dwarka Homes","DDA/society flats, builder floors","Sector 11, Dwarka, Delhi","+91 9990007190","https://www.dwarkahomes.com","Volume residential resale, call-driven","dwarkahomes.com/contactus","","",""
"30","Padam Associate","Builder floors, duplexes, plots","Paschim Vihar, West Delhi","+91 9810267877","https://padamassociate.com","Multi-area West Delhi consultant","padamassociate.com","","","Also operates in Gurugram"
"31","Sharma Estates","Resi/commercial brokerage, NRI relocation","Vasant Vihar, South Delhi","+91 9810069114","https://sharmaestates.com","HNI/NRI inbound, qualification-heavy","sharmaestates.com","","",""
"32","JMD Super Infratech","Property consultant, buy/sell/rent","Vasant Kunj, South Delhi","+91 9311404280","https://www.jmdsuperinfratech.com","30-yr firm, dedicated sales line, mid-market","jmdsuperinfratech.com","","",""
"33","Vardaan Realtors","Resi/commercial brokerage, HRERA, 27 yrs","Greenfields Colony, Faridabad","+91 98990 00040 / +91 88820 00040","https://vardaanrealtors.com","Established, multi-line sales team","vardaanrealtors.com","","",""
"34","KRS Group","Real-estate agent & consultant","Sector 31, Faridabad","+91 95992 34621","https://www.krshomesdevelopers.in","Mid-market consultant, inbound buyer flow","krshomesdevelopers.in/contact-us.htm","","",""
"35","Universal Properties","Property buy/sell/rent + loan consultancy","Sector 86 (Neharpar), Faridabad","+91 98730 98989","http://www.theuniversalproperties.com","Greater Faridabad focus, 15 yrs","theuniversalproperties.com","","",""
"36","DS Consultant","Resi/commercial agent & consultant","Kaushambi/Indirapuram, Ghaziabad","+91 98102 96307","https://www.dsconsultant.co.in","Covers Indirapuram/Ghaziabad, buyer volume","dsconsultant.co.in/contact-us.htm","","",""
"37","Global Properties","Resi/commercial brokerage + registry help","Vaishali, Ghaziabad","+91 96549 26631","https://www.globalpropertiesghaziabad.in","Expanding firm, Vaishali high-rise demand","globalpropertiesghaziabad.in","","",""
"38","Unnati Property","Resi/commercial agent, buyer/investor focus","Raj Nagar Extension, Ghaziabad","-","https://unnatiproperty.com","RNE hotspot, investor/buyer-heavy SMB","realestateindia.com (profile)","","","No phone verified - use website contact form"
"39","Sarthak Estates","Commercial office leasing & sales","Barakhamba Rd, Connaught Place, Delhi","+91 99589 59555","https://www.sarthakestates.com","Mid-market CP office broker, inbound volume","sarthakestates.com","","",""
"40","HSN Realty Services","Office leasing for MNCs","Delhi (teams in Noida, Gurgaon)","+91 99901 18999","https://www.hsnrealty.com","Multi-line enquiry desk, growing SMB","hsnrealty.com/office-space-in-new-delhi","","",""
"41","Dial4Property","Commercial office/retail leasing","Noida Extension, Noida","+91 92505 01025","https://www.dial4property.com","End-to-end leasing, high inbound traffic","dial4property.com","","",""
"42","Rise Infraventures","Tenant rep & commercial leasing advisory","Sector 58, Gurgaon","1800 547 77999","https://riseinfraventures.com","Toll-free inbound line, real call volume","riseinfraventures.com/commercial-properties-gurgaon","","",""
"43","True Assets Consultancy","Commercial + residential advisory","Golf Course Ext Rd, Gurgaon","+91 97111 48881","https://www.trueassetsconsultancy.com","Site-visit booking + qualification fit","trueassetsconsultancy.com/contact-us","","",""
"44","GLS Consultants","Commercial leasing & investment advisory","Sohna Rd, Sector 47, Gurgaon","+91 95828 21821","https://www.glsconsultant.com","SMB brokerage, leasing + advisory inbound","glsconsultant.com","","",""
"45","HouseEazy","Tech platform to buy/sell resale homes","Sector 90, Noida","+91 8800769417","https://www.houseeazy.com","High inbound buyer/seller enquiry volume","houseeazy.com/contact-us","","","Funded proptech startup"
"46","Your-Space","Student-housing / co-living platform","Okhla, New Delhi","+91 8882037100","https://www.your-space.in","Constant room enquiries + site visits","your-space.in","","","Funded proptech startup"
"47","Housr","Premium co-living / serviced apartments","Sector 43, Gurugram","+91 9090908778","https://housr.in","Inbound leads, tours, qualification","housr.in/contact-us","","","Funded proptech startup"
"48","Insta India Property","Tech-enabled brokerage, verified listings","Sector 85, Gurgaon","+91 9643431515","https://instaindiaproperty.com","Buyer enquiries + visit booking","instaindiaproperty.com/contact","","",""
"49","Oh My Place","Co-living / PG marketplace","Sector 93, Noida","+91 8800118508","https://www.ohmyplace.com","24x7 tenant enquiries to automate","ohmyplace.com/contact-us","","",""
"50","Flock Coliving","Managed co-living, 12 properties","Gurugram","+91 9911118969 / 9289925493","https://flockcoliving.com","High enquiry + booking funnel","flockcoliving.com","","",""
"51","Zip Realtors LLP","RERA channel partner, apartments + SCO","Sector 39, Gurgaon (Sohna/SPR/Dwarka Expwy)","+91-8448598915","https://ziprealtors.com","Corridor-focused SMB, free site visits","ziprealtors.com","","",""
"52","The Whitelisted Estates","RERA property advisory, residential","Sector 47, Gurgaon","+91-7428-812-398","https://thewhitelistedestates.in","40+ sales staff, high inbound buyer volume","thewhitelistedestates.in","","",""
"53","Space Creattors","End-to-end residential brokerage","Sector 58, Gurgaon (New Gurgaon/Dwarka Expwy)","+91-9711622995","https://spacecreattors.com","Mid-market firm, serves SMB buyers","spacecreattors.com","","",""
"54","Orion Realtors","Residential consultant, Sohna Rd flats","Sector 48, Sohna Road, Gurgaon","+91-9250933111","https://www.orionrealtors.com","Decade-old team, heavy enquiry flow","orionrealtors.com","","",""
"55","Right Solutions","Authorised channel partner, original booking","Gurgaon (SPR/Dwarka Expwy/Sohna)","+91-9911370700","https://www.rightsolutions.co.in","Multi-corridor sales team since 2011","rightsolutions.co.in/about","","",""
"56","AWC Realty","Authorised channel partner","Sector 109, Gurgaon (Dwarka Expwy)","+91-9810310046","https://awcrealty.com","Pure Dwarka Expwy SMB, inbound buyer calls","awcrealty.com","","",""
"57","The Office Pass (TOP)","Co-working / managed office operator","Cyber City, Gurgaon (9 NCR centres)","+91 8999 82 82 82","https://www.theofficepass.com","High inbound tour/membership enquiries","theofficepass.com","","","Tech-forward buyer, short sales cycle"
"58","CO-OFFIZ","Co-working / ready-to-move offices","Janakpuri & NSP Delhi; Noida; Gurgaon","+91-9971-089-111","https://co-offiz.com","Multi-site, constant seat enquiries","co-offiz.com","","",""
"59","Nukleus Office Solutions","Co-working & managed offices (14+ centres)","Sector 142, Noida (HO); Delhi; Gurgaon","+91 9311340643","https://www.nukleus.work","Many centres, heavy inbound demos","nukleus.work/contact-us","","",""
"60","Warehouse Lease India","Warehouse/3PL/cold-storage leasing consultant","Sector 11, Faridabad","9319236322 / 9953998822","https://warehouseleaseindia.com","Fields warehouse enquiries + site visits","warehouseleaseindia.com/contact-us-warehouse-lease-india","","",""
"61","Propliners Realty","Warehouse/industrial/logistics-park leasing","Sector 62, Noida","+91 9899920199 / 9899920149","https://propliners.in","Lead qualification + site-visit booking","propliners.in/warehouse-space-for-rent-in-noida","","",""
"62","NU Realty Group","Warehouse/industrial leasing consultant","DLF Phase 1, Gurgaon","+91 9315091344","https://www.warehouse.ind.in","Inbound warehouse rent enquiries","warehouse.ind.in","","",""
